"/phylanx/__add$0/2$44$32","add(44, 32)",3,636270,1
"/phylanx/__add$1/2$45$32","add(45, 32)",3,374789,1
"/phylanx/__add$10/2$71$30","add(71, 30)",3,51934,1
"/phylanx/__add$2/2$52$38","add(52, 38)",30,3629250,1
"/phylanx/__add$3/2$53$60","add(53, 60)",30,1385527,1
"/phylanx/__add$4/2$54$52","add(54, 52)",30,437066,1
"/phylanx/__add$5/2$55$38","add(55, 38)",30,419743,1
"/phylanx/__add$6/2$64$38","add(64, 38)",300,18507392,1
"/phylanx/__add$7/2$65$60","add(65, 60)",300,4580895,1
"/phylanx/__add$8/2$66$52","add(66, 52)",300,3086352,1
"/phylanx/__add$9/2$67$38","add(67, 38)",300,3357497,1
"/phylanx/__lt$0/2$35$19","lt(35, 19)",4,215819,1
"/phylanx/__lt$1/2$47$27","lt(47, 27)",33,718980,1
"/phylanx/__lt$2/2$59$27","lt(59, 27)",303,5076543,1
"/phylanx/__mul$0/2$10$26","mul(10, 26)",1,203637,-1
"/phylanx/__mul$1/2$44$55","mul(44, 55)",3,92665,1
"/phylanx/__mul$2/2$45$55","mul(45, 55)",3,92199,1
"/phylanx/__ne$0/2$51$40","ne(51, 40)",30,630430,1
"/phylanx/__ne$1/2$63$40","ne(63, 40)",300,4069597,1
"/phylanx/access-argument$0$filepath/0$6$29","access-argument/filepath(6, 29)",1,929,1
"/phylanx/access-argument$1$row_start/0$6$50","access-argument/row_start(6, 50)",1,2128,1
"/phylanx/access-argument$10$num_factors/2$22$51","access-argument/num_factors(22, 51)",1,837,1
"/phylanx/access-argument$11$num_factors/2$23$34","access-argument/num_factors(23, 34)",1,5693,1
"/phylanx/access-argument$12$num_factors/2$30$49","access-argument/num_factors(30, 49)",1,1240,1
"/phylanx/access-argument$13$num_factors/2$30$62","access-argument/num_factors(30, 62)",1,310,1
"/phylanx/access-argument$14$num_factors/2$31$49","access-argument/num_factors(31, 49)",1,950,1
"/phylanx/access-argument$15$num_factors/2$31$62","access-argument/num_factors(31, 62)",1,397,1
"/phylanx/access-argument$16$num_factors/2$32$47","access-argument/num_factors(32, 47)",1,863,1
"/phylanx/access-argument$17$num_factors/2$32$60","access-argument/num_factors(32, 60)",1,353,1
"/phylanx/access-argument$18$num_factors/2$33$47","access-argument/num_factors(33, 47)",1,940,1
"/phylanx/access-argument$19$iterations/2$35$23","access-argument/iterations(35, 23)",4,3161,1
"/phylanx/access-argument$2$row_stop/0$6$62","access-argument/row_stop(6, 62)",1,183,1
"/phylanx/access-argument$20$enable_output/2$37$24","access-argument/enable_output(37, 24)",3,2711,1
"/phylanx/access-argument$21$regularization/2$44$55","access-argument/regularization(44, 55)",3,1827,1
"/phylanx/access-argument$22$regularization/2$45$55","access-argument/regularization(45, 55)",3,2697,1
"/phylanx/access-argument$3$col_start/0$7$25","access-argument/col_start(7, 25)",1,303,1
"/phylanx/access-argument$4$col_stop/0$7$37","access-argument/col_stop(7, 37)",1,112,1
"/phylanx/access-argument$5$ratings/2$8$37","access-argument/ratings(8, 37)",1,1637,1
"/phylanx/access-argument$6$ratings/2$9$37","access-argument/ratings(9, 37)",1,1187,1
"/phylanx/access-argument$7$alpha/2$10$26","access-argument/alpha(10, 26)",1,773,1
"/phylanx/access-argument$8$ratings/2$10$34","access-argument/ratings(10, 34)",1,536,1
"/phylanx/access-argument$9$num_factors/2$21$51","access-argument/num_factors(21, 51)",1,1207,1
"/phylanx/access-function$0$read_x/1$9$5","access-function/read_x(9, 5)",1,632,1
"/phylanx/access-function$1$als_explicit/3$77$5","access-function/als_explicit(77, 5)",1,196,1
"/phylanx/access-variable$0$num_items/2$12$52","access-variable/num_items(12, 52)",1,8780,1
"/phylanx/access-variable$1$num_users/2$13$52","access-variable/num_users(13, 52)",1,3466,1
"/phylanx/access-variable$10$num_items/2$24$34","access-variable/num_items(24, 34)",1,8530,1
"/phylanx/access-variable$11$num_users/2$25$34","access-variable/num_users(25, 34)",1,8146,1
"/phylanx/access-variable$12$k/2$35$19","access-variable/k(35, 19)",4,12159,1
"/phylanx/access-variable$13$k/2$39$56","access-variable/k(39, 56)",0,0,1
"/phylanx/access-variable$14$u/2$39$59","access-variable/u(39, 59)",0,0,1
"/phylanx/access-variable$15$X/2$40$48","access-variable/X(40, 48)",0,0,1
"/phylanx/access-variable$16$Y/2$41$48","access-variable/Y(41, 48)",0,0,1
"/phylanx/access-variable$17$YtY/2$44$27","access-variable/YtY(44, 27)",0,0,1
"/phylanx/access-variable$18$Y/2$44$46","access-variable/Y(44, 46)",3,7016,1
"/phylanx/access-variable$19$Y/2$44$50","access-variable/Y(44, 50)",3,6531,1
"/phylanx/access-variable$2$num_items/2$15$49","access-variable/num_items(15, 49)",1,3830,1
"/phylanx/access-variable$20$I_f/2$44$72","access-variable/I_f(44, 72)",3,7278,1
"/phylanx/access-variable$21$XtX/2$45$27","access-variable/XtX(45, 27)",0,0,1
"/phylanx/access-variable$22$X/2$45$46","access-variable/X(45, 46)",3,6892,1
"/phylanx/access-variable$23$X/2$45$50","access-variable/X(45, 50)",3,6024,1
"/phylanx/access-variable$24$I_f/2$45$72","access-variable/I_f(45, 72)",3,5254,1
"/phylanx/access-variable$25$u/2$47$27","access-variable/u(47, 27)",33,54271,1
"/phylanx/access-variable$26$num_users/2$47$31","access-variable/num_users(47, 31)",33,41750,1
"/phylanx/access-variable$27$conf_u/2$49$35","access-variable/conf_u(49, 35)",0,0,1
"/phylanx/access-variable$28$conf/2$49$53","access-variable/conf(49, 53)",30,50760,1
"/phylanx/access-variable$29$u/2$49$59","access-variable/u(49, 59)",30,46385,1
"/phylanx/access-variable$3$num_items/2$15$60","access-variable/num_items(15, 60)",1,2026,1
"/phylanx/access-variable$30$c_u/2$50$35","access-variable/c_u(50, 35)",0,0,1
"/phylanx/access-variable$31$conf_u/2$50$45","access-variable/conf_u(50, 45)",30,53398,1
"/phylanx/access-variable$32$p_u/2$51$35","access-variable/p_u(51, 35)",0,0,1
"/phylanx/access-variable$33$conf_u/2$51$45","access-variable/conf_u(51, 45)",30,64569,1
"/phylanx/access-variable$34$A/2$52$35","access-variable/A(52, 35)",0,0,1
"/phylanx/access-variable$35$Y/2$52$56","access-variable/Y(52, 56)",30,50994,1
"/phylanx/access-variable$36$c_u/2$52$60","access-variable/c_u(52, 60)",30,45996,1
"/phylanx/access-variable$37$Y/2$52$66","access-variable/Y(52, 66)",30,42859,1
"/phylanx/access-variable$38$YtY/2$52$70","access-variable/YtY(52, 70)",30,39657,1
"/phylanx/access-variable$39$b/2$53$35","access-variable/b(53, 35)",0,0,1
"/phylanx/access-variable$4$num_users/2$16$49","access-variable/num_users(16, 49)",1,10094,1
"/phylanx/access-variable$40$Y/2$53$56","access-variable/Y(53, 56)",30,44760,1
"/phylanx/access-variable$41$c_u/2$53$60","access-variable/c_u(53, 60)",30,44470,1
"/phylanx/access-variable$42$I_i/2$53$66","access-variable/I_i(53, 66)",30,35053,1
"/phylanx/access-variable$43$p_u/2$53$83","access-variable/p_u(53, 83)",30,46816,1
"/phylanx/access-variable$44$u/2$54$49","access-variable/u(54, 49)",30,68109,1
"/phylanx/access-variable$45$u/2$54$52","access-variable/u(54, 52)",30,48274,1
"/phylanx/access-variable$46$X/2$54$41","access-variable/X(54, 41)",0,0,1
"/phylanx/access-variable$47$A/2$54$80","access-variable/A(54, 80)",30,50537,1
"/phylanx/access-variable$48$b/2$54$84","access-variable/b(54, 84)",30,41285,1
"/phylanx/access-variable$49$u/2$55$35","access-variable/u(55, 35)",0,0,1
"/phylanx/access-variable$5$num_users/2$16$60","access-variable/num_users(16, 60)",1,2140,1
"/phylanx/access-variable$50$u/2$55$38","access-variable/u(55, 38)",30,47078,1
"/phylanx/access-variable$51$u/2$58$27","access-variable/u(58, 27)",0,0,1
"/phylanx/access-variable$52$i/2$59$27","access-variable/i(59, 27)",303,333273,1
"/phylanx/access-variable$53$num_items/2$59$31","access-variable/num_items(59, 31)",303,302735,1
"/phylanx/access-variable$54$conf_i/2$61$35","access-variable/conf_i(61, 35)",0,0,1
"/phylanx/access-variable$55$conf/2$61$56","access-variable/conf(61, 56)",300,392328,1
"/phylanx/access-variable$56$i/2$61$62","access-variable/i(61, 62)",300,381077,1
"/phylanx/access-variable$57$c_i/2$62$35","access-variable/c_i(62, 35)",0,0,1
"/phylanx/access-variable$58$conf_i/2$62$45","access-variable/conf_i(62, 45)",300,415580,1
"/phylanx/access-variable$59$p_i/2$63$35","access-variable/p_i(63, 35)",0,0,1
"/phylanx/access-variable$6$num_items/2$17$49","access-variable/num_items(17, 49)",1,3617,1
"/phylanx/access-variable$60$conf_i/2$63$45","access-variable/conf_i(63, 45)",300,479160,1
"/phylanx/access-variable$61$A/2$64$35","access-variable/A(64, 35)",0,0,1
"/phylanx/access-variable$62$X/2$64$56","access-variable/X(64, 56)",300,386611,1
"/phylanx/access-variable$63$c_i/2$64$59","access-variable/c_i(64, 59)",300,310641,1
"/phylanx/access-variable$64$X/2$64$65","access-variable/X(64, 65)",300,293656,1
"/phylanx/access-variable$65$XtX/2$64$70","access-variable/XtX(64, 70)",300,272514,1
"/phylanx/access-variable$66$b/2$65$35","access-variable/b(65, 35)",0,0,1
"/phylanx/access-variable$67$X/2$65$56","access-variable/X(65, 56)",300,341269,1
"/phylanx/access-variable$68$c_i/2$65$60","access-variable/c_i(65, 60)",300,293390,1
"/phylanx/access-variable$69$I_u/2$65$66","access-variable/I_u(65, 66)",300,257978,1
"/phylanx/access-variable$7$num_users/2$18$49","access-variable/num_users(18, 49)",1,4603,1
"/phylanx/access-variable$70$p_i/2$65$83","access-variable/p_i(65, 83)",300,336186,1
"/phylanx/access-variable$71$i/2$66$49","access-variable/i(66, 49)",300,486082,1
"/phylanx/access-variable$72$i/2$66$52","access-variable/i(66, 52)",300,262828,1
"/phylanx/access-variable$73$Y/2$66$41","access-variable/Y(66, 41)",0,0,1
"/phylanx/access-variable$74$A/2$66$80","access-variable/A(66, 80)",300,344708,1
"/phylanx/access-variable$75$b/2$66$84","access-variable/b(66, 84)",300,332385,1
"/phylanx/access-variable$76$i/2$67$35","access-variable/i(67, 35)",0,0,1
"/phylanx/access-variable$77$i/2$67$38","access-variable/i(67, 38)",300,388146,1
"/phylanx/access-variable$78$i/2$70$27","access-variable/i(70, 27)",0,0,1
"/phylanx/access-variable$79$k/2$71$27","access-variable/k(71, 27)",0,0,1
"/phylanx/access-variable$8$num_users/2$21$40","access-variable/num_users(21, 40)",1,4180,1
"/phylanx/access-variable$80$k/2$71$30","access-variable/k(71, 30)",3,6147,1
"/phylanx/access-variable$81$X/2$74$18","access-variable/X(74, 18)",1,2146,1
"/phylanx/access-variable$82$Y/2$74$21","access-variable/Y(74, 21)",1,1168,1
"/phylanx/access-variable$9$num_items/2$22$40","access-variable/num_items(22, 40)",1,3780,1
"/phylanx/block$0/2$7$9","block(7, 9)",1,192762516,-1
"/phylanx/block$1/2$36$17","block(36, 17)",3,246115703,0
"/phylanx/block$2/2$38$29","block(38, 29)",0,0,-1
"/phylanx/block$3/2$48$25","block(48, 25)",30,24105884,0
"/phylanx/block$4/2$60$25","block(60, 25)",300,145286448,-1
"/phylanx/constant$0/2$12$28","constant(12, 28)",1,183860,-1
"/phylanx/constant$1/2$13$28","constant(13, 28)",1,83623,-1
"/phylanx/constant$2/2$15$25","constant(15, 25)",1,132627,-1
"/phylanx/constant$3/2$16$25","constant(16, 25)",1,91620,-1
"/phylanx/constant$4/2$17$25","constant(17, 25)",1,86823,-1
"/phylanx/constant$5/2$18$25","constant(18, 25)",1,73846,-1
"/phylanx/constant$6/2$30$25","constant(30, 25)",1,94853,-1
"/phylanx/constant$7/2$31$25","constant(31, 25)",1,85836,-1
"/phylanx/constant$8/2$32$23","constant(32, 23)",1,82407,-1
"/phylanx/constant$9/2$33$23","constant(33, 23)",1,73947,-1
"/phylanx/cout$0/2$39$37","cout(39, 37)",0,0,-1
"/phylanx/cout$1/2$40$37","cout(40, 37)",0,0,-1
"/phylanx/cout$2/2$41$37","cout(41, 37)",0,0,-1
"/phylanx/define-variable$0$read_x/0$5$12","define-variable/read_x(5, 12)",1,10320,-1
"/phylanx/define-variable$1$num_users/2$8$20","define-variable/num_users(8, 20)",1,194868,-1
"/phylanx/define-variable$10$X/2$21$20","define-variable/X(21, 20)",1,281900,-1
"/phylanx/define-variable$11$Y/2$22$20","define-variable/Y(22, 20)",1,275717,-1
"/phylanx/define-variable$12$I_f/2$23$20","define-variable/I_f(23, 20)",1,105120,-1
"/phylanx/define-variable$13$I_i/2$24$20","define-variable/I_i(24, 20)",1,106540,-1
"/phylanx/define-variable$14$I_u/2$25$20","define-variable/I_u(25, 20)",1,64697,-1
"/phylanx/define-variable$15$k/2$26$20","define-variable/k(26, 20)",1,9826,-1
"/phylanx/define-variable$16$i/2$27$20","define-variable/i(27, 20)",1,5437,-1
"/phylanx/define-variable$17$u/2$28$20","define-variable/u(28, 20)",1,5434,-1
"/phylanx/define-variable$18$XtX/2$30$20","define-variable/XtX(30, 20)",1,134663,-1
"/phylanx/define-variable$19$YtY/2$31$20","define-variable/YtY(31, 20)",1,114997,-1
"/phylanx/define-variable$2$num_items/2$9$20","define-variable/num_items(9, 20)",1,91520,-1
"/phylanx/define-variable$20$A/2$32$20","define-variable/A(32, 20)",1,112450,-1
"/phylanx/define-variable$21$b/2$33$20","define-variable/b(33, 20)",1,107330,-1
"/phylanx/define-variable$22$als_explicit/2$5$12","define-variable/als_explicit(5, 12)",1,392,-1
"/phylanx/define-variable$3$conf/2$10$20","define-variable/conf(10, 20)",1,268340,-1
"/phylanx/define-variable$4$conf_u/2$12$20","define-variable/conf_u(12, 20)",1,224583,-1
"/phylanx/define-variable$5$conf_i/2$13$20","define-variable/conf_i(13, 20)",1,123857,-1
"/phylanx/define-variable$6$c_u/2$15$20","define-variable/c_u(15, 20)",1,163694,-1
"/phylanx/define-variable$7$c_i/2$16$20","define-variable/c_i(16, 20)",1,121677,-1
"/phylanx/define-variable$8$p_u/2$17$20","define-variable/p_u(17, 20)",1,123303,-1
"/phylanx/define-variable$9$p_i/2$18$20","define-variable/p_i(18, 20)",1,103670,-1
"/phylanx/diag$0/2$50$40","diag(50, 40)",30,736844,1
"/phylanx/diag$1/2$62$40","diag(62, 40)",300,3288042,1
"/phylanx/dot$0/2$44$32","dot(44, 32)",3,493079,1
"/phylanx/dot$1/2$45$32","dot(45, 32)",3,254069,1
"/phylanx/dot$10/2$65$42","dot(65, 42)",300,11774860,1
"/phylanx/dot$11/2$66$68","dot(66, 68)",300,10948372,1
"/phylanx/dot$2/2$52$38","dot(52, 38)",30,2989109,1
"/phylanx/dot$3/2$52$42","dot(52, 42)",30,2266203,1
"/phylanx/dot$4/2$53$38","dot(53, 38)",30,4188506,1
"/phylanx/dot$5/2$53$42","dot(53, 42)",30,3392852,1
"/phylanx/dot$6/2$54$68","dot(54, 68)",30,1898082,1
"/phylanx/dot$7/2$64$38","dot(64, 38)",300,13447047,1
"/phylanx/dot$8/2$64$42","dot(64, 42)",300,8385357,1
"/phylanx/dot$9/2$65$38","dot(65, 38)",300,17907544,1
"/phylanx/file_read_csv$0/0$6$15","file_read_csv(6, 15)",1,227591867,-1
"/phylanx/function$0$read_x/0$5$12","function/read_x(5, 12)",1,227762851,1
"/phylanx/function$1$als_explicit/2$5$12","function/als_explicit(5, 12)",1,192863199,1
"/phylanx/identity$0/2$23$25","identity(23, 25)",1,44357,-1
"/phylanx/identity$1/2$24$25","identity(24, 25)",1,67050,-1
"/phylanx/identity$2/2$25$25","identity(25, 25)",1,27867,-1
"/phylanx/if$0/2$37$21","if(37, 21)",3,75928,1
"/phylanx/inverse$0/2$54$72","inverse(54, 72)",30,1051426,1
"/phylanx/inverse$1/2$66$72","inverse(66, 72)",300,6294184,1
"/phylanx/lambda$0/0$5$12","lambda(5, 12)",1,227727929,-1
"/phylanx/lambda$1/2$5$12","lambda(5, 12)",1,192827666,-1
"/phylanx/list$0/2$54$44","list(54, 44)",30,1214513,1
"/phylanx/list$1/2$66$44","list(66, 44)",300,9126613,1
"/phylanx/list$2/2$74$13","list(74, 13)",1,19798,-1
"/phylanx/make_list$0/0$6$40","make_list(6, 40)",1,59170,-1
"/phylanx/make_list$1/0$7$15","make_list(7, 15)",1,11648,-1
"/phylanx/make_list$10/2$30$39","make_list(30, 39)",1,34274,-1
"/phylanx/make_list$11/2$31$39","make_list(31, 39)",1,28560,-1
"/phylanx/make_list$12/2$32$37","make_list(32, 37)",1,27264,-1
"/phylanx/make_list$13/2$33$37","make_list(33, 37)",1,18860,-1
"/phylanx/make_list$2/2$12$42","make_list(12, 42)",1,39550,-1
"/phylanx/make_list$3/2$13$42","make_list(13, 42)",1,24217,-1
"/phylanx/make_list$4/2$15$39","make_list(15, 39)",1,40720,-1
"/phylanx/make_list$5/2$16$39","make_list(16, 39)",1,45580,-1
"/phylanx/make_list$6/2$17$39","make_list(17, 39)",1,27323,-1
"/phylanx/make_list$7/2$18$39","make_list(18, 39)",1,35506,-1
"/phylanx/make_list$8/2$21$30","make_list(21, 30)",1,39184,-1
"/phylanx/make_list$9/2$22$30","make_list(22, 30)",1,32436,-1
"/phylanx/random$0/2$21$23","random(21, 23)",1,247570,-1
"/phylanx/random$1/2$22$23","random(22, 23)",1,243460,-1
"/phylanx/set_seed$0/2$20$13","set_seed(20, 13)",1,251820,-1
"/phylanx/shape$0/2$8$31","shape(8, 31)",1,72171,-1
"/phylanx/shape$1/2$9$31","shape(9, 31)",1,28823,-1
"/phylanx/slice$0/0$6$9","slice(6, 9)",1,227659309,-1
"/phylanx/slice_column$0/2$61$43","slice_column(61, 43)",300,7104584,1
"/phylanx/slice_row$0/2$49$43","slice_row(49, 43)",30,881394,1
"/phylanx/store$0/2$44$21","store(44, 21)",3,718396,1
"/phylanx/store$1/2$45$21","store(45, 21)",3,470405,1
"/phylanx/store$10/2$61$29","store(61, 29)",300,15998021,1
"/phylanx/store$11/2$62$29","store(62, 29)",300,9449073,1
"/phylanx/store$12/2$63$29","store(63, 29)",300,10174227,1
"/phylanx/store$13/2$64$29","store(64, 29)",300,25371416,1
"/phylanx/store$14/2$65$29","store(65, 29)",300,24610978,1
"/phylanx/store$15/2$66$29","store(66, 29)",300,32300207,1
"/phylanx/store$16/2$67$29","store(67, 29)",300,11038544,1
"/phylanx/store$17/2$70$21","store(70, 21)",3,144226,1
"/phylanx/store$18/2$71$21","store(71, 21)",3,58008279,0
"/phylanx/store$2/2$49$29","store(49, 29)",30,1947280,1
"/phylanx/store$3/2$50$29","store(50, 29)",30,1592056,1
"/phylanx/store$4/2$51$29","store(51, 29)",30,1455978,1
"/phylanx/store$5/2$52$29","store(52, 29)",30,4429607,1
"/phylanx/store$6/2$53$29","store(53, 29)",30,4980211,1
"/phylanx/store$7/2$54$29","store(54, 29)",30,4468810,1
"/phylanx/store$8/2$55$29","store(55, 29)",30,2768021,1
"/phylanx/store$9/2$58$21","store(58, 21)",3,91562,1
"/phylanx/transpose$0/2$44$36","transpose(44, 36)",3,97485,1
"/phylanx/transpose$1/2$45$36","transpose(45, 36)",3,52554,1
"/phylanx/transpose$2/2$52$46","transpose(52, 46)",30,509569,1
"/phylanx/transpose$3/2$53$46","transpose(53, 46)",30,374418,1
"/phylanx/transpose$4/2$53$73","transpose(53, 73)",30,307280,1
"/phylanx/transpose$5/2$64$46","transpose(64, 46)",300,3630184,1
"/phylanx/transpose$6/2$65$46","transpose(65, 46)",300,2744791,1
"/phylanx/transpose$7/2$65$73","transpose(65, 73)",300,2233285,1
"/phylanx/variable$0$num_users/2$8$20","variable/num_users(8, 20)",39,17302,1
"/phylanx/variable$1$num_items/2$9$20","variable/num_items(9, 20)",309,79485,1
"/phylanx/variable$10$Y/2$22$20","variable/Y(22, 20)",97,61790,1
"/phylanx/variable$11$I_f/2$23$20","variable/I_f(23, 20)",6,4560,1
"/phylanx/variable$12$I_i/2$24$20","variable/I_i(24, 20)",30,11003,1
"/phylanx/variable$13$I_u/2$25$20","variable/I_u(25, 20)",300,77449,1
"/phylanx/variable$14$k/2$26$20","variable/k(26, 20)",7,5160,1
"/phylanx/variable$15$i/2$27$20","variable/i(27, 20)",1503,611945,1
"/phylanx/variable$16$u/2$28$20","variable/u(28, 20)",153,89560,1
"/phylanx/variable$17$XtX/2$30$20","variable/XtX(30, 20)",300,83963,1
"/phylanx/variable$18$YtY/2$31$20","variable/YtY(31, 20)",30,12313,1
"/phylanx/variable$19$A/2$32$20","variable/A(32, 20)",330,143438,1
"/phylanx/variable$2$conf/2$10$20","variable/conf(10, 20)",330,176409,1
"/phylanx/variable$20$b/2$33$20","variable/b(33, 20)",330,135743,1
"/phylanx/variable$3$conf_u/2$12$20","variable/conf_u(12, 20)",60,40080,1
"/phylanx/variable$4$conf_i/2$13$20","variable/conf_i(13, 20)",600,299104,1
"/phylanx/variable$5$c_u/2$15$20","variable/c_u(15, 20)",60,29098,1
"/phylanx/variable$6$c_i/2$16$20","variable/c_i(16, 20)",600,206142,1
"/phylanx/variable$7$p_u/2$17$20","variable/p_u(17, 20)",30,18739,1
"/phylanx/variable$8$p_i/2$18$20","variable/p_i(18, 20)",300,142220,1
"/phylanx/variable$9$X/2$21$20","variable/X(21, 20)",907,387227,1
"/phylanx/while$0/2$35$13","while(35, 13)",1,188710367,-1
"/phylanx/while$1/2$47$21","while(47, 21)",3,24596140,0
"/phylanx/while$2/2$59$21","while(59, 21)",3,161637783,0